A0;0;0
A0;0;1
A0;0;2
A0;0;3
A0;0;4
A0;0;5
A0;0;6
A0;0;7
A0;0;8
A0;0;9
A0;0;10
A0;0;11
A0;0;12
A0;0;13
A0;0;14
A0;0;15
A0;1;0
A0;1;1
A0;1;2
A0;1;3
A0;1;4
A0;1;5
A0;1;6
A0;1;7
A0;1;8
A0;1;9
A0;1;10
A0;1;11
A0;1;12
A0;1;13
A0;1;14
A0;1;15
A0;2;0
A0;2;1
A0;2;2
A0;2;3
A0;2;4
A0;2;5
A0;2;6
A0;2;7
A0;2;8
A0;2;9
A0;2;10
A0;2;11
A0;2;12
A0;2;13
A0;2;14
A0;2;15
A0;3;0
A0;3;1
A0;3;2
A0;3;3
A0;3;4
A0;3;5
A0;3;6
A0;3;7
A0;3;8
A0;3;9
A0;3;10
A0;3;11
A0;3;12
A0;3;13
A0;3;14
A0;3;15
A0;4;0
A0;4;1
A0;4;2
A0;4;3
A0;4;4
A0;4;5
A0;4;6
A0;4;7
A0;4;8
A0;4;9
A0;4;10
A0;4;11
A0;4;12
A0;4;13
A0;4;14
A0;4;15
A0;5;0
A0;5;1
A0;5;2
A0;5;3
A0;5;4
A0;5;5
A0;5;6
A0;5;7
A0;5;8
A0;5;9
A0;5;10
A0;5;11
A0;5;12
A0;5;13
A0;5;14
A0;5;15
A0;6;0
A0;6;1
A0;6;2
A0;6;3
A0;6;4
A0;6;5
A0;6;6
A0;6;7
A0;6;8
A0;6;9
A0;6;10
A0;6;11
A0;6;12
A0;6;13
A0;6;14
A0;6;15
A0;7;0
A0;7;1
A0;7;2
A0;7;3
A0;7;4
A0;7;5
A0;7;6
A0;7;7
A0;7;8
A0;7;9
A0;7;10
A0;7;11
A0;7;12
A0;7;13
A0;7;14
A0;7;15
A0;8;0
A0;8;1
A0;8;2
A0;8;3
A0;8;4
A0;8;5
A0;8;6
A0;8;7
A0;8;8
A0;8;9
A0;8;10
A0;8;11
A0;8;12
A0;8;13
A0;8;14
A0;8;15
A0;9;0
A0;9;1
A0;9;2
A0;9;3
A0;9;4
A0;9;5
A0;9;6
A0;9;7
A0;9;8
A0;9;9
A0;9;10
A0;9;11
A0;9;12
A0;9;13
A0;9;14
A0;9;15
A0;10;0
A0;10;1
A0;10;2
A0;10;3
A0;10;4
A0;10;5
A0;10;6
A0;10;7
A0;10;8
A0;10;9
A0;10;10
A0;10;11
A0;10;12
A0;10;13
A0;10;14
A0;10;15
A0;11;0
A0;11;1
A0;11;2
A0;11;3
A0;11;4
A0;11;5
A0;11;6
A0;11;7
A0;11;8
A0;11;9
A0;11;10
A0;11;11
A0;11;12
A0;11;13
A0;11;14
A0;11;15
A0;12;0
A0;12;1
A0;12;2
A0;12;3
A0;12;4
A0;12;5
A0;12;6
A0;12;7
A0;12;8
A0;12;9
A0;12;10
A0;12;11
A0;12;12
A0;12;13
A0;12;14
A0;12;15
A0;13;0
A0;13;1
A0;13;2
A0;13;3
A0;13;4
A0;13;5
A0;13;6
A0;13;7
A0;13;8
A0;13;9
A0;13;10
A0;13;11
A0;13;12
A0;13;13
A0;13;14
A0;13;15
A0;14;0
A0;14;1
A0;14;2
A0;14;3
A0;14;4
A0;14;5
A0;14;6
A0;14;7
A0;14;8
A0;14;9
A0;14;10
A0;14;11
A0;14;12
A0;14;13
A0;14;14
A0;14;15
A0;15;0
A0;15;1
A0;15;2
A0;15;3
A0;15;4
A0;15;5
A0;15;6
A0;15;7
A0;15;8
A0;15;9
A0;15;10
A0;15;11
A0;15;12
A0;15;13
A0;15;14
A0;15;15
